<?xml version="1.0"?>
<?xml-stylesheet type="text/xsl" href="configuration.xsl"?>
<configuration>
    <property>
        <name>hbase.rootdir</name>
        <value>hdfs://hadoop102:8020/HBase</value>
    </property>

    <property>
        <name>hbase.cluster.distributed</name>
        <value>true</value>
    </property>

    <property>
        <name>hbase.zookeeper.quorum</name>
        <value>hadoop102,hadoop103,hadoop104</value>
    </property>

    <property>
        <name>hbase.unsafe.stream.capability.enforce</name>
        <value>false</value>
    </property>

    <property>
        <name>hbase.wal.provider</name>
        <value>filesystem</value>
    </property>

    <!-- 注意：为了开启hbase的namespace和phoenix的schema的映射，在程序中需要加这个配置文件，另外在linux服务上，也需要在hbase以及phoenix的hbase-site.xml配置文件中，加上以上两个配置，并使用xsync进行同步（本节1中文档已有说明）。-->
    <property>
        <name>phoenix.schema.isNamespaceMappingEnabled</name>
        <value>true</value>
    </property>

    <property>
        <name>phoenix.schema.mapSystemTablesToNamespace</name>
        <value>true</value>
    </property>
</configuration>